fpr,tpr,AUC
0.0,0.0,0.8549694886465552
0.030218503021850304,0.7401574803149606,0.8549694886465552
1.0,1.0,0.8549694886465552
